ID,DIVISION,SUBJECT,WRITER,VIEWS
2246844,NS소프트,"세가 코리아, 나쁜 왕과 훌륭한 용사 한국어판 정식 발매 (13)",nokcha,17
2246851,NS소프트,스페이드나라의 앨리스 ～Wonderful White World～오프닝무비... (5),아즈꺄,5
2246853,PS4소프트,칼리굴라 2 한국어판 특전 공개 (20),nokcha,8
2246852,NS소프트,모나크 한국어판 특전 공개 (7),nokcha,7
2246847,PS5소프트,엘든링 신규 아트워크 공개 (47),루리앱004,38
2246850,XSX소프트,빈남코)스칼렛 스트링스 30초 CM 영상 (7),틸로볼프,1
2246848,PS5소프트,에이리언: 파이어팀 엘리트 한국어판 발매 결정 및 트레일러 공개 (47),nokcha,19
2246845,PS4소프트,「나쁜 왕과 휼륭한 용사 」 티저 영상 (12),둠 닥터,4
2246843,NS소프트,영웅전설 섬의 궤적 1 한국어버전 스위치판 패키지 이미지 및 스크린샷 (12),nokcha,5
2246846,NS소프트,버디 미션 BOND 홍콩e숍에서 한국어 체험판 배포 및 한국어판 스샷 (23),nokcha,15
2237470,PS5하드,,Ruliweb100,47
2246834,XBO소프트,IGN)에이팩스 레전드 - 공식 더 트루스 시네마틱 영상,틸로볼프,
2246842,인터뷰,"가오갤, '싱글플레이 지향, 유명 팝송 30곡 포함' (42)",선인장국,21
2246831,NS소프트,소닉 컬러즈 얼티밋 스테이지 소개 및 한정판 이미지 공개 (19),nokcha,10
2246841,PS4소프트,영웅전설 여의 궤적 스크린샷 (58),키쿠치요,23
2246837,사설,복잡한 FINAL FANTASY VII REMAKE 시간대 순서 (57),unknown 4444,14
2246833,제작사,소닉 더 헤지혹 30주년 기념 공식 심포니 오케스트라 공개 (13),토미오카,17
,,,,
2246836,기타,[수퍼 소닉 시리즈] 제프 파울러 감독의 소닉 30주년 기념 메시지 (5),클틴이,6
2246838,PS5소프트,"코나미, 신규 축구 게임 오픈베타 테스트 실시 (38)",물곰탱,15
2246835,XSX소프트,"Xbox 클라우드 스트리밍, PC사용자 용 꿀팁 (54)",카일로123,155
2246832,인터뷰,FINAL FANTASY VII REMAKE INTERGRADE 꿀벌의 ... (59),unknown 4444,15
2246839,PS4소프트,지구방위군 6 신규 스크린샷 및 정보 (50),nokcha,17
2246830,PS4소프트,"신 멋진 이 세계 파이널 트레일러, 체험판, 바탕화면 등 (4)",키쿠치요,4
2246840,PS5하드,"Thrustmaster, PS5 공식 라이센스를 받은 ""T-GT II"" ... (30)",물곰탱,7
2246825,NS소프트,'목장이야기 올리브 타운과 희망의 대지'(한국 정발) Ver.1.0.5 ...,최가뫼,9
2246824,PS4소프트,섬란 닌닌닌자 대전 넵튠 스크린샷 (15),키쿠치요,6
2246826,PS5소프트,"반남코, 스칼렛 스트링스 암호 퀘스트 실시 및 TV 애니메이션 국내 방영... (9)",nokcha,10
2246827,NS소프트,웜즈 럼블 스위치 버전 출시 및 트레일러 (7),또나와,2
2246957,XBO소프트,"SKT, XBOX 게임 패스 앱 알림 메세지에 대한 공지 (32)",nokcha,29
2246828,NS소프트,"신 멋진 이 세계 체험판, 파이널 트레일러, 바탕화면 등 (8)",키쿠치요,
2246940,NS소프트,"몬스터헌터 스토리즈 2 한국어판 패키지, 정가 및 제품판 스크린샷 (23)",nokcha,13
2246958,제작사,'PS5 멀티플레이 게임'을 개발중인 플스 스튜디오들 (66),루리웹-4501333961,14
2246956,NS소프트,슈퍼 스매시 브라더스 얼티밋 미시마 카즈야 사용방법 영상은 약 40분 (23),nokcha,11
2246959,NS소프트,진 여신전생 5 한국어 공식 악마 소개 영상 Vol.009 (쿠반다) (21),nokcha,10
2246955,NS소프트,신 하야리가미 3 프로모션 영상 2탄 (15),키쿠치요,11
2246965,PS5소프트,파이널판타지 VII 리메이크 인터그레이드 미드가르 컨셉아트 (27),둠 닥터,26
2246954,PS4소프트,영웅전설 여의 궤적 이미지 (25),키쿠치요,22
2246960,NS소프트,데몬 게이즈 엑스트라 리뉴얼 오프닝 영상 (3),키쿠치요,4
2246953,NS소프트,몬스터 헌터 스토리즈 2 성우 공개 (23),Winter Love,14
2246962,XSX소프트,게이밍볼트)스칼렛 넥서스 Xbox Series X VS PS5 영상 (15),틸로볼프,5
2246952,NS소프트,멜티 블러드: 타입 루미나 外 닌텐도 스위치 국내 심의 통과 타이틀 (12),nokcha,8
2246945,PS4소프트,북미판 팔콤 궤적 시리즈 발매 일정 (17),roness,4
2246963,PS5소프트,호라이즌 포비던 웨스트 포커스 사용하기 | 클로스트라이더 (8),둠 닥터,8
2246944,NS소프트,종원의 뷔르슈-ErroR:salvation- 프로모션무비 공개 외 (2),아즈꺄,2
2246946,정보,[포켓몬]순회 전시회 「포켓몬 화석박물관」개최 예정. 오리지널 굿즈 공개... (20),Oh! RoChi!,9
2246941,PS4소프트,신옥탑 메리스켈터 Finale 한국어판 7월 22일 발매 및 오프닝 영상 (31),nokcha,10
2246942,NS소프트,이스 IX 캐릭터 소개 영상 (24),키쿠치요,5
2246949,XBO소프트,ID@XBOX)워페이스 - 카르텔 영상 (1),틸로볼프,3
2246950,NS소프트,몬스터 헌터 스토리즈 2 발매 직전 스페셜 프로그램 방송 예정 (12),nokcha,10
2237470,PS5하드,,Ruliweb100,47
2246967,XSX소프트,"헤일로 인피니트. ""열심히 버그 수정중"" (38)",중고플스,30
2246951,PS4소프트,멜티 블러드: 타입 루미나 外 PS4 국내 심의 통과 타이틀 (7),nokcha,3
2246943,NS소프트,신옥탑 메리스켈터 Finale 한국어판 스크린샷 및 한정판 발매 & 특전... (24),nokcha,6
,,,,
2246961,PS5소프트,귀멸의 칼날 히노카미 혈풍담 특집 생방송 (22),둠 닥터,5
2246947,PS5소프트,길티기어 스트라이브 한국어 더빙 업데이트 6월 30일 배포 및 이벤트 실... (33),nokcha,27
2246966,XSX소프트,보더랜드3 크로스플레이 업데이트 (27),Hybrid8,15
2246948,XBO소프트,다크 얼라이언스 업데이트 작업중 (19),중고플스,9
2246964,PS5소프트,귀멸의 칼날 히노카미 혈풍담 한국어판 PV 2탄 및 한정판 정식 발매 (21),nokcha,5
2246968,XSX소프트,반다이남코)스칼렛 넥서스(스트링스) 론치 영상 (1),틸로볼프,1
2246995,사설,"윈도우 11, Xbox 게임패스로 최적의 게이밍 환경 제공한다 (41)",루리웹-4501333961,32
2246984,XSX소프트,엑스박스 공식)This Week on Xbox 영상 (1),틸로볼프,2
2237470,PS5하드,,Ruliweb100,47
2246982,PS4소프트,시푸 - 신규 게임플레이 클립 공개 (34),토미오카,18
2246999,PS5소프트,아스트로 플레이룸 컨셉아트 (21),실명†확인,16
2246988,정보,EA스포츠 신작 매든NFL22 스캔 장비 (3),베르세리아2,2
2246980,PS5소프트,테일즈 오브 어라이즈 시온 캐릭터 소개 영상 (28),nokcha,20
2246996,루머,게임랜트)소문에 따르면 Xbox와 코지마 새로운 게임 계약 채결 (54),틸로볼프,35
2246990,인터뷰,스칼렛 스트링스 크리에이터 인터뷰 - 브레인 펑크의 세계 (9),순정소닉,3
2246975,정보,"가오갤, 멀티플레이는 1년간 개발됐다가 취소됨 (20)",선인장국,5
2246987,정보,"다시 불어오는 야생의 숨결, 6월 4주차 한우리 판매 순위 (68)",Tentacle,34
2246972,PS5소프트,Abandoned 데모 공개 8월로 연기 (59),익어,20
2246994,PS5소프트,PS공식)익스플로링 PS5 - 싱글 플레이어 액티비티 (7),틸로볼프,3
2247000,XSX소프트,더 게이머)포트나이트 올 7월에 로키 합류 예정 (2),틸로볼프,4
2246970,XSX소프트,테일즈 오브 공식)테일즈 오브 어라이즈 각국 각지역의 판매 에디션 공개 (3),틸로볼프,4
2246974,XSX소프트,ID@XBOX)더 퍼시스턴스 인헨스드 공식 지원 영상,틸로볼프,5
2246971,PS4소프트,지구방위군 6 트레일러 2탄 (16),nokcha,8
2246986,XBO소프트,엑스박스 공식)헌트: 쇼다운 - 더 비스트 헌터 DLC 영상 (2),틸로볼프,2
,,,,
2246992,NS소프트,신 멋진 이 세계 체험판 배포 개시 (10),잘했어 라이코스,8
2246973,기타,CD 프로젝트 × 위쳐콘 티저 (40),둠 닥터,18
2246969,PS4소프트,Promesa - 출시 트레일러 | PS4 (1),클틴이,3
2246991,PS4소프트,[리뷰] 혁신 혹은 타협? 자동사냥 도입한 '디스가이아 6' (27),순정소닉,1
2247003,XSX소프트,레드폴은 2017년 8월부터 개발 시작 (11),play that,21
2246985,정보,[체험기] 원작 초월 연출로 즐기는 '트랭크스'의 이야기 (6),조산명입니다,3
2246998,PS5소프트,게임랜트)커발 스페이스 프로그램 차세대 업그레이드 발표 (3),틸로볼프,2
2246997,XSX소프트,게임랜트)커발 스페이스 프로그램 차세대 업그레이드 발표 (1),틸로볼프,2
2247002,기타,언리얼 엔진5의 새로운 해상도 업스케일 품질 비교 (66),KKNG,46
2247062,PS5소프트,VG TECH)암네시아 리버스 PS5 프레임 테스트 영상 (6),틸로볼프,7
2247001,XSX소프트,게임스팟)스칼렛 넥서스 리뷰 영상 (11),틸로볼프,6
2247071,NS소프트,아케이드 아카이브 라이덴 7월 1일 발매 (16),nokcha,2
2247092,PS5소프트,"H2 인터렉티브, PS5판 메트로 엑소더스 추가 확장팩 DLC 제공 안내 (1)",nokcha,3
,,,,
2247078,PS5소프트,스칼렛 스트링스 메타크리틱 유저 평점 등록 (53),eito,15
2247074,PS5하드,PS 공식 - PS5 탐색: 영상 & 이미지의 제작 & 공유 (5),토미오카,2
2247070,기타,헤일로 TV 드라마 총괄 제작자 시즌1 완료후 하차예정 (16),DZshk,9
2247067,XSX소프트,XBOX ON)새로운 Xbox 독점작 모음 영상 (20),틸로볼프,16
2247091,PS5소프트,"귀멸의 칼날 히노카미 혈풍담 한국어판 코쵸우 시노부, 렌고쿠 쿄쥬로 영상 (3)",nokcha,1
2247066,사설,꿀벌의 집은 FF VII REMAKE가 어떻게 바뀔지 보여주는 좋은 예 (29),who knows836,18
2247068,루머,게임랜트)레거시 오브 케인: 리마스터 올해 발표된 것이라는 소문 (14),틸로볼프,2
2247073,기타,오늘 폴아웃4의 도그밋으로 알려진 '리버'가 세상을 떠났습니다 (7),겜스샷전문가🎮,43
2247065,기타,"[AC] 건담 EXVS2 크로스 부스트 추가기체 2탄 ""디제"" 참전, +... (9)",요맨와쐅,9
2247069,정보,영국 비디오 게임 패키지 주간 판매 순위 (~06/26) (12),물곰탱,10
2237470,PS5하드,,Ruliweb100,47
2247077,NS소프트,"한국닌텐도, 이스 VIII 닌텐도 스위치 온라인 게임 트라이얼 실시 (51)",무알콜모히또,10
2247084,NS소프트,진 여신전생 V 스크린샷 (48),키쿠치요,18
2247072,사설,당신이 플레이하고싶은 비디오 게임 빌런은 누구인가? (38),볼트 드웰러,13
2247076,정보,그랑블루 판타지 VERSUS - PSN용 캐릭터 아바타 배포 안내 (12),토미오카,7
2247075,NS소프트,"일본닌텐도, 전장의 발큐리아 1 닌텐도 스위치 온라인 게임 트라이얼 실시 (25)",nokcha,3
2247083,NS소프트,"장르적 익숙함에 IP의 힘을 더한 괴물을 만나다, '포켓몬 유나이트' (39)",순정소닉,10
2247090,제작사,블리자드 및 월트 디즈니 컴퍼니 출신 디자이너(매니저)가 디 이니셔티브에... (2),블레이더영혼,5
2247089,XBO소프트,CDPR : 사이버펑크 2077의 안정성은 만족스러운 수준에 도달했다 (59),nokcha,8
2247087,루머,스크린랜트)톰 핸더슨에 따르면 GTA 6 2025년 출시 예정 (23),틸로볼프,3
2247080,PS4소프트,뮤지쿠스! PS4/닌텐도 스위치 이식 결정 (펀딩 목표 금액 달성) (6),nokcha,7
2247079,PS4소프트,더 킹 오브 파이터즈 XV 바네사 스케치 (41),이토 시즈카,13
2247082,NS소프트,AMNESIA World for Nintendo Switch 인트로덕션무... (1),아즈꺄,1
2247088,기타,스퀘어 에닉스)파이널 판타지 7 무선 충전스탠드 영상 (21),틸로볼프,4
2246910,PS5소프트,NEW FOOTBALL GAME 온라인 테스트 데모 등록 (6),자세안나오네,3
,,,,
2247081,PS4소프트,풍우래기 4 플레이 영상 (기후역 ~ 나에기 성) (16),nokcha,9
2247086,PS5소프트,원신 신규 캐릭터 플레이-「카에데하라 카즈하: 풍류 무사」 (14),nokcha,8
2246907,기타,MS:30억게이머의 종착역은 메타버스와 클라우드 (49),.501 군단,41
2246906,XSX하드,"엑스박스 콘솔 개발 키트, AMD FSR 기능 포함 발표. (40)",블레이더영혼,36
2237470,PS5하드,,Ruliweb100,47
2246891,XSX소프트,IGN)Xbox: 더 스테이트 오브 에브리 퍼스트파티 디벨로퍼 영상,틸로볼프,6
2246894,XBO소프트,엑스박스 공식)던전 오브 나흘븍: 아뮬렛 오브 카오스 영상 (3),틸로볼프,3
2246909,NS소프트,몬스터 헌터 라이즈 새로운 이벤트 퀘스트 '진흙 노인과 대중문화' 배포 (9),nokcha,6
2246903,NS소프트,포켓몬 25주년 기념 하나지방 포켓몬 인기 투표 결과 공개 (19),nokcha,9
2246904,루머,"고스트 오브 쓰시마 확장판, 고스트 오브 이키시마 출시 루머 (23)",자세안나오네,19
2246889,PS5소프트,귀멸의 칼날 히노카미 혈풍담 패키지 아트 (11),둠 닥터,9
2246893,XSX소프트,유비소프트)레인보우 식스 익스트랙션 - 오퍼레이터 쇼케이스 슬랫지 영상,틸로볼프,5
2246899,XSX소프트,엑스박스 공식)보더랜드 3 - 더 리벤젠스 오브 리벤지 오브 카르텔 공식... (6),틸로볼프,6
2246885,XBO소프트,니드 포 스피드 핫 퍼슈트 리마스터 EA Play(게임패스)에 등록 (6),nokcha,27
2246908,NS소프트,슈퍼 스매시 브라더스 얼티밋 12.0 업데이트 곧 배포 & 카즈야 신규 ... (20),nokcha,14
2246905,루머,게임랜트)고스트 오브 쓰시마의 확장팩 고스트 오브 이키시마 유출 (66),틸로볼프,24
2246892,XSX소프트,유비소프트)아바타: 프론티어 오브 판도라 - 스노우드롭 테크 쇼케이스 (7),틸로볼프,8
2246901,기타,게임랜트)윈도우 11 Xbox의 자동 HDR 기능 지원 (64),틸로볼프,26
2246900,PS5소프트,PS공식)익스플로링 PS5 - 하위 호환 (30),틸로볼프,7
2246890,XSX소프트,마이크로소프트 윈도우 11 OS의 엑스박스 플랫폼 관련 기술 도입 공식 ... (45),블레이더영혼,62
2246888,PS5소프트,귀멸의 칼날 히노카미 혈풍담 스토리 & 어드벤처 트레일러 (영음 버전 ) (21),둠 닥터,8
2246887,XBO소프트,IGN)귀멸의 칼날: 히노카미 혈풍담 공식 어드벤쳐 모드 영상 (4),틸로볼프,1
2246883,XSX소프트,VG TECH)메트로 엑소더스 인헨스드 Xbox Series VS PS5... (3),틸로볼프,8
2246886,PS5소프트,VG TECH)메트로 엑소더스 인헨스드 Xbox Series VS PS5... (16),틸로볼프,3
2246902,XBO소프트,게임랜트)Xbox 주말 무료 게임 공개 (16),틸로볼프,9
2246896,기타,마블스 스파이더맨: 마일즈 모랄레스 - 마일즈 모랄레스 공식 핫토이 피규... (28),토미오카,22
2246897,XSX소프트,마블 어벤저스 켑틴 아메리카 MCU 복장 영상 (11),.501 군단,6
2246898,XSX소프트,XBOX ON)Xbox Game Pass 업데이트 영상,틸로볼프,10
2246895,제작사,"인섬니악 게임즈, 멀티플레이어 프로젝트를 위한 신규 채용 공고를 내다 (18)",nokcha,8
2246823,XBO소프트,XCloud 터치컨트롤 지원 게임 추가 (28),nokcha,31
,,,,
2246817,NS소프트,천수의 사쿠나히메 전세계 누적 실 판매량 100만장 돌파 (16),nokcha,17
2246810,PS4소프트,영웅전설 여의 궤적. 얼라인먼트 시스템 추가 정보 (38),roness,19
2237470,PS5하드,,Ruliweb100,47
2246811,PS5소프트,BLUE BOX Game Studios 신규 비디오 메세지 공개 (14),물곰탱,12
2246884,NS소프트,몬스터 헌터 스토리즈 2 체험판 등록 (19),nokcha,18
2246814,XSX소프트,커브드 스페이스 XB판도 한국어 지원 (13),nokcha,19
2246822,PS4소프트,코튼30주년 기념 완전 신작 COTTON ROCK'n'ROLL 발표 (12),후지사키시오리,8
2246809,PS5소프트,스나이퍼 고스트 워리어 컨트랙트 2 차세대 버전 업그레이드 정보 (8),자세안나오네,5
2246813,XSX소프트,"귀멸의 칼날 한국어판 10월 14일 발매, 4K 60프레임 지원 (25)",명상주,17
2246816,NS소프트,몬스터 헌터 라이즈 신규 유료 DLC 소개 영상 및 3.1 업데이트 배포... (22),nokcha,13
2246808,PS4소프트,전국무쌍5 카운트다운 일러스트 D-Day (5),실명†확인,5
2246819,PS5소프트,에일리언즈: 파이어팀 엘리트 커버 아트 (22),자세안나오네,15
2246812,PS4소프트,"전국무쌍5 모든 무장 무쌍오의, 오의 개전 영상 (21)",실명†확인,6
2246815,정보,"넷플릭스 바이오하자드 무한의 어둠 클레어, 선 메이 새로운 스틸 컷 (22)",nokcha,23
2246807,인터뷰,"필 스펜서 ""헤일로 인피니트 출시일. 여름 지나서 결정"" (32)",중고플스,31
2246818,PS4소프트,천수의 사쿠나히메 전세계 누적 실 판매량 100만장 돌파! (24),nokcha,29
2246800,XSX소프트,게임스팟)다잉라이트 2: 스테이 휴먼 - 게임플레이 슈퍼컷 영상 (10),틸로볼프,7
2246794,PS4소프트,"영웅전설 여의 궤적 일러스트, 스크린샷, 콘도 사장 코멘트 (34)",키쿠치요,22
2246796,XSX소프트,헤일로: 마스터 치프 컬렉션 시즌 7 트레일러 및 무료 업데이트 오늘 배... (2),nokcha,15
2246804,PS4소프트,신 멋진 이 세계 체험판 배포 예정 (13),키쿠치요,3
2246803,PS4소프트,더 게이머)PS 프라이드 2021 테마 코드 제공. (16),틸로볼프,4
2246799,PS5하드,PS공식)익스플로링 PS5 - 게임 헬프 (5),틸로볼프,3
2246806,XSX소프트,더 게이머)스토커 2에는 차량이 등장하지 않을 것 (7),틸로볼프,17
2246820,PS4소프트,"더 킹 오브 파이터즈 XV 바네사 트레일러, 스크린샷 (104)",이토 시즈카,13
2246805,PS5소프트,"PS5용 피파22 베타, 취소 (24)",베르세리아2,10
2246802,XBO소프트,ID@XBOX)오크 머스트 다이 3 - 발표 트레일러 (4),틸로볼프,4
2246801,XBO소프트,유비소프트)브라울할라 닌자거북이 크로스오버 게임플레이 영상,틸로볼프,3
2247087,루머,스크린랜트)톰 핸더슨에 따르면 GTA 6 2025년 출시 예정 (23),틸로볼프,3
2246798,XSX하드,엑스박스 공식)더 콜렉터즈 - Lamarr Wilson (1),틸로볼프,7
2246797,NS소프트,소닉 30주년 심포니 방송 (12),왜검색함,7
2247062,PS5소프트,VG TECH)암네시아 리버스 PS5 프레임 테스트 영상 (6),틸로볼프,7
2237470,PS5하드,,Ruliweb100,47
2247074,PS5하드,PS 공식 - PS5 탐색: 영상 & 이미지의 제작 & 공유 (5),토미오카,2
2247090,제작사,블리자드 및 월트 디즈니 컴퍼니 출신 디자이너(매니저)가 디 이니셔티브에... (2),블레이더영혼,5
2247091,PS5소프트,"귀멸의 칼날 히노카미 혈풍담 한국어판 코쵸우 시노부, 렌고쿠 쿄쥬로 영상 (3)",nokcha,1
2247075,NS소프트,"일본닌텐도, 전장의 발큐리아 1 닌텐도 스위치 온라인 게임 트라이얼 실시 (25)",nokcha,3
2247073,기타,오늘 폴아웃4의 도그밋으로 알려진 '리버'가 세상을 떠났습니다 (7),겜스샷전문가🎮,43
2247092,PS5소프트,"H2 인터렉티브, PS5판 메트로 엑소더스 추가 확장팩 DLC 제공 안내 (1)",nokcha,3
,,,,
2247089,XBO소프트,CDPR : 사이버펑크 2077의 안정성은 만족스러운 수준에 도달했다 (59),nokcha,8
2247080,PS4소프트,뮤지쿠스! PS4/닌텐도 스위치 이식 결정 (펀딩 목표 금액 달성) (6),nokcha,7
2247077,NS소프트,"한국닌텐도, 이스 VIII 닌텐도 스위치 온라인 게임 트라이얼 실시 (51)",무알콜모히또,10
2247071,NS소프트,아케이드 아카이브 라이덴 7월 1일 발매 (16),nokcha,2
2247081,PS4소프트,풍우래기 4 플레이 영상 (기후역 ~ 나에기 성) (16),nokcha,9
2247088,기타,스퀘어 에닉스)파이널 판타지 7 무선 충전스탠드 영상 (21),틸로볼프,4
2247084,NS소프트,진 여신전생 V 스크린샷 (48),키쿠치요,18
2247072,사설,당신이 플레이하고싶은 비디오 게임 빌런은 누구인가? (38),볼트 드웰러,13
2247086,PS5소프트,원신 신규 캐릭터 플레이-「카에데하라 카즈하: 풍류 무사」 (14),nokcha,8
2247079,PS4소프트,더 킹 오브 파이터즈 XV 바네사 스케치 (41),이토 시즈카,13
2247068,루머,게임랜트)레거시 오브 케인: 리마스터 올해 발표된 것이라는 소문 (14),틸로볼프,2
2247076,정보,그랑블루 판타지 VERSUS - PSN용 캐릭터 아바타 배포 안내 (12),토미오카,7
2247070,기타,헤일로 TV 드라마 총괄 제작자 시즌1 완료후 하차예정 (16),DZshk,9
2247083,NS소프트,"장르적 익숙함에 IP의 힘을 더한 괴물을 만나다, '포켓몬 유나이트' (39)",순정소닉,10
2247078,PS5소프트,스칼렛 스트링스 메타크리틱 유저 평점 등록 (53),eito,15
2247065,기타,"[AC] 건담 EXVS2 크로스 부스트 추가기체 2탄 ""디제"" 참전, +... (9)",요맨와쐅,9
2247066,사설,꿀벌의 집은 FF VII REMAKE가 어떻게 바뀔지 보여주는 좋은 예 (29),who knows836,18
2247067,XSX소프트,XBOX ON)새로운 Xbox 독점작 모음 영상 (20),틸로볼프,16
2247020,루머,[루머]코지마 에피소드형 공포게임 XBOX와 계약 (47),고무장갑펭귄,47
2247004,XSX하드,x클라우드 유저들 빨라진 게임 반응 속도를 알리다 (71),play that,62
2247069,정보,영국 비디오 게임 패키지 주간 판매 순위 (~06/26) (12),물곰탱,10
2247082,NS소프트,AMNESIA World for Nintendo Switch 인트로덕션무... (1),아즈꺄,1
2247008,PS5소프트,"반다이남코 신작 스칼렛 스트링스 스샷, 리뷰 점수 모음 (런치 트레일러) (43)",Winter Love,15
2247013,사설,역대급 1년이 될 MS의 XBOX 라인업 (103),play that,55
2237470,PS5하드,,Ruliweb100,47
2247027,기타,[AC] 기동전사 건담 전장의 유대 II 2차 PV (20),echospherics,16
2247007,정보,"화석 포켓몬과 실제 화석 비교하는, 포켓몬 화석박물관 오픈 (10)",클틴이,6
2247028,정보,"바빌론즈 폴, '일단 패키지 출시, 배틀패스 도입' (14)",선인장국,4
2247006,루머,[루머]다음 달 아발란체 인수 발표? (57),고무장갑펭귄,24
2247012,XSX소프트,더 게이머)헤일로 인피니트 시즌 1이 히어로즈 오브 리치로 명명됨 (36),틸로볼프,19
,,,,
2247026,PS5소프트,DF)파이널 판타지 14 PS3 부터 PS5까지 테스트 영상 (17),틸로볼프,7
2247019,사설,마이크로소프트 부사장 게임패스 스위치 건에 대해 언급하길 거절하다. (36),lionfranky,14
2247032,PS5소프트,게임랜트)게릴라 게임즈 포비든 웨스트외 미발표 게임 작업중 (22),틸로볼프,23
2247005,NS소프트,[메타크리틱] 디스가이아6 메타 등재 (47),역습의 신지,9
2247009,NS소프트,노래의☆왕자님♪All Star for Nintendo Switch 발매일...,아즈꺄,1
2247025,정보,어세신 크리드 발할라 디랙터가 EA Motive에 합류 (8),Zephiris,2
2247018,PS4소프트,그랑블루 판타지 버서스 PV#26 시스 참전편 (84),이토 시즈카,10
2247031,XSX소프트,카트라이더:드리프트)팩토리 테마 컨셉아트 (2),CyberFrontKorea,10
2247023,루머,[루머] 소니 쇼케이스에서 '빅 서프라이즈' 공개된다 (43),루리웹-4501333961,21
2247011,XSX소프트,스칼랫 스트링스 전기종합산 리뷰평균점수 (24),.501 군단,10
2247022,PS4소프트,신 하야리가미 3 - 2차 트레일러 공개 (18),토미오카,5
2247024,루머,[루머] 소니 '아크 시스템 웍스' 인수 논의중 (98),루리웹-4501333961,38
2247017,XSX소프트,id 소프트웨어 레드폴 제작 지원 확인 (17),play that,24
2247016,루머,게임랜트)콜 오브 듀티: 뱅가드는 블랙옵스 콜드워와 유사한 형태가 될 것 (34),틸로볼프,5
2247030,XBO소프트,더 게이머)보더랜드 3 PS 플랫폼 제외한 모든 플랫폼 크로스 플레이 지... (27),틸로볼프,47
2247029,XBO소프트,엑스박스 공식)에이팩스 레전드 제네시스 컬렉션 이벤트 영상 (1),틸로볼프,6
2247021,루머,[루머]소니 이벤트에서 갓오브워 게임플레이 볼 수 있을 것. (29),고무장갑펭귄,19
2247014,PS5소프트,파이널판타지 VII 리메이크 인터그레이드 컨셉아트 (26),둠 닥터,13
,,,,
2247015,NS소프트,진 여신전생 5 한국어 공식 악마 소개 영상 Vol.010 (봉황) (38),nokcha,15
2246938,정보,[포켓몬]『포켓몬스터 소드 · 실드』 와일드에리어 뉴스(21.06.25),Oh! RoChi!,4
2246939,NS소프트,나유타의 궤적: Kai 닌텐도 스위치판 발매 결정 (16),nokcha,8
2237470,PS5하드,,Ruliweb100,47
2246929,NS하드,전차로 GO!! 전용 원 핸들 컨트롤러 for 닌텐도 스위치 발매 (20),nokcha,12
2246920,XSX소프트,더 게이머)다잉라이트 2 7월 스트리밍 영상 공개 예정,틸로볼프,4
2246924,PS5소프트,"쉬벌리 2 메타크리틱, 오픈크리틱 (정발 6월 22일) (37)",Winter Love,10
2246936,PS4소프트,북미 NGPX 주최 니혼팔콤 40주년 기념 온라인 이벤트 (5),roness,7
2246917,NS소프트,"닌자라, 귀멸의 칼날 콜라보 실시 예정 (6)",nokcha,9
2246927,PS4소프트,풍우래기 4 플레이 영상 (기후역 ~ 츠케치 계곡) (30),nokcha,3
2246923,PS4소프트,IGN)성검전설 레전드 오브 마나 리뷰 영상 (29),틸로볼프,6
2246926,NS소프트,영웅전설 시작의 궤적 오피셜 플레이 무비 (8),키쿠치요,2
2246919,기타,윈도우11 엑스박스앱에서 클라우드 플레이 지원 예정 (56),ᵐᵃᵈ ᵈᵒᵍ,36
2246935,XSX소프트,엑스박스 게임 쇼케이스 2021 추가확장방송 실시간 댓글생중계 정리본 (29),블레이더영혼,94
2246922,NS소프트,AIR 스위치판 9월 9일 발매 및 스크린샷 공개 (38),Zephiris,1
2246932,XSX소프트,아바타 프론티어 오브 판도라 스노우드롭엔진 시연 영상 (2),둠 닥터,10
2246925,PS4소프트,영웅전설 여의 궤적 팔콤 샵 오리지널 특전 이미지? (8),키쿠치요,12
2246916,PS4소프트,R-Type 파이널2 - 500달러 이상 지원자 특전 기체 전달 (15),c-r-a-c-k-ER,7
2246918,PS5소프트,게임스팟 스칼렛 스트링스 리뷰 (20),아마존슨,13
2246930,기타,게임 패스 현재 총 게임 수는 423개 (123),play that,64
2246931,PS5소프트,아바타: 프론티어 오브 판도라 스노우드롭 엔진 시연영상 (한국어 자막) (19),nokcha,14
2246928,PS5소프트,테일즈 오브 어라이즈 매장별 예약 특전 실물 이미지 (17),키쿠치요,8
2246933,정보,타이토 미니 게임기 'EGRET II 미니' 수록 타이틀 3탄 공개 (26),nokcha,10
2246911,NS소프트,마리오 골프 슈퍼 러시 스샷 모음 (10),Winter Love,8
2246913,기타,게임 패스 등록게임 메타 점수 분포도 (82),play that,37
2246934,XSX소프트,테트리스 이펙트 커넥티드. 크로스 플레이 베타 테스트 실시 (6),중고플스,8
2246921,루머,PSX 이벤트 7월 8일 개최?? (13),TESTRUN,16
2246912,NS소프트,몬스터 헌터 스토리즈 2 아미보 3종 실물 이미지 (7),nokcha,4
2246915,PS5소프트,휴먼 폴 플랫 PS5 한국어판 오늘 출시 및 PS5판 햅틱 피드백 지원 (17),nokcha,12
2246914,NS소프트,몬스터 헌터 스토리즈 2 파멸의 날개- 체험판 전달 기념 캠페인 실시 (3),둠 닥터,2
2247033,NS소프트,VG TECH)토니호크 프로스케이터 닌텐도 스위치 테스트 영상 (15),틸로볼프,8
2247049,사설,"MS, PS5로 장악한 소니의 게임시장 뒤흔들까? (252)",루리웹-4501333961,48
2247048,PS4소프트,「그랑블루 판타지 Versus」전세계 판매량 50만장 돌파. (35),친친과망고,9
2247039,사설,더 게이머) 나는 리터널을 끝내기 위해 시간을 내야만했다. (161),볼트 드웰러,30
2237470,PS5하드,,Ruliweb100,47
2247035,사설,"'목표는 GOTY' 콘솔-액션에 올인한 그들, 라운드8 스튜디오 (31)",루리웹-4501333961,11
2247034,기타,그랑블루 판타지 버서스 RAGE 2021 섬머 - 세미 파이널 결과 및 ... (14),BlueWaterSky,2
2247040,NS소프트,몬스터 헌터 스토리즈 2 이베르카나 참전 (49),맛챠라이더,26
,,,,
2247047,정보,"「성검전설」 시리즈 30주년 기념 생방송, 금일 18시부터 공개 예정 (75)",토미오카,11
2247046,정보,비트맵 북스 일본 롤플레잉 게임 가이드 출시 (2),Sylvester,2
2247036,정보,게임스레이다) 위쳐 4에 대해 CDPR이 말한 모든 것 (77),볼트 드웰러,17
2247044,정보,비트맵 북스 일본 롤플레잉 게임 가이드 출시 (9),Sylvester,5
2247055,NS소프트,성검전설 콘솔용 신작 개발 중 (21),nokcha,24
2247052,PS5소프트,제이슨 레이몬드의 헤븐 스튜디오가 개발 중인 플스 IP에 멀티 플레이가 ... (18),루리웹-4501333961,11
2247038,PS5소프트,길티기어 스트라이브 미국 VS 일본 이벤트전 시작 (14),제시진짜아직스틸얼라이브,6
2247056,기타,그랑블루 판타지 VERSUS - 시스 참전 기념 이벤트 실시 (9),토미오카,5
2247043,기타,더 게이머)바이오 하자드 2 리메이크 커버 아트를 워킹데드 모바일 게임이... (23),틸로볼프,26
2247054,사설,크리스 아벨론 성범죄에 대해 장문으로 입열다. (22),고무장갑펭귄,17
2247059,XSX소프트,사이코너츠2 스크린샷 (22),고무장갑펭귄,26
2247053,XSX소프트,"둠 이터널, 엑스박스 시리즈 콘솔(X|S) 무료 최적화 업데이트 공지 발... (41)",블레이더영혼,34
2247060,NS소프트,짱구는 못말려 나와 박사의 여름방학 스크린샷 및 일본체험회 현장 사진 (89),nokcha,34
2247058,기타,가정용 게임기용 성검전설 신작 개발중 (19),340456694,11
2247051,NS소프트,진 여신전생 5 한국어 공식 악마 소개 영상 Vol.011 (이누가미) (24),nokcha,13
2247037,PS5소프트,PS공식)익스플로링 PS5 - 챌린지 (2),틸로볼프,1
2247061,NS소프트,그대 쌓인 눈속에 열망한다 패키지 일러스트 공개 외 (5),아즈꺄,2
2247042,XSX하드,"마소. ""게임 업데이트 방식 개선 고민중"" (19)",중고플스,33
2247057,NS소프트,성검전설 레전드 오브 마나 애니메이션화 결정 및 올 가을 업데이트 예정 (15),nokcha,12
2247041,XSX하드,게임랜트)Xbox 디자인 랩 오류로 인한 주문 취소에 기프트카드 배포 (1),틸로볼프,9
2247050,사설,"[인터뷰] ""누구나 쉽고 재미있게""...'몬스터 헌터 스토리즈 2' (12)",루리웹-4501333961,7
